station_id;name;bundesland
00183;Arkona;Mecklenburg-Vorpommern
00232;Augsburg;Bayern
00403;Berlin-Dahlem (FU);Berlin
00460;Berus;Saarland
00596;Boltenhagen;Mecklenburg-Vorpommern
00662;Braunschweig;Niedersachsen
00691;Bremen;Bremen
00701;Bremerhaven;Bremen
00853;Chemnitz;Sachsen
00856;Chieming;Bayern
00867;Lautertal-Oberlauter;Bayern
00963;Diepholz;Niedersachsen
01048;Dresden-Klotzsche;Sachsen
01303;Essen-Bredeney;Nordrhein-Westfalen
01346;Feldberg/Schwarzwald;Baden-Württemberg
01358;Fichtelberg;Sachsen
01420;Frankfurt/Main;Hessen
01443;Freiburg;Baden-Württemberg
01639;Gießen/Wettenberg;Hessen
01684;Görlitz;Sachsen
01832;Großer Arber;Bayern
01975;Hamburg-Fuhlsbüttel;Hamburg
02115;Helgoland;Schleswig-Holstein
02290;Hohenpeißenberg;Bayern
02483;Kahler Asten;Nordrhein-Westfalen
02601;Kleiner Feldberg/Taunus;Hessen
02638;Klippeneck;Baden-Württemberg
02667;Köln/Bonn;Nordrhein-Westfalen
02712;Konstanz;Baden-Württemberg
02925;Leinefelde;Thüringen
02932;Leipzig/Halle;Sachsen
03015;Lindenberg;Brandenburg
03098;Lüdenscheid;Nordrhein-Westfalen
03287;Michelstadt-Vielbrunn;Hessen
03366;Mühldorf;Bayern
03379;München-Stadt;Bayern
03631;Norderney;Niedersachsen
03660;Nürburg-Barweiler;Rheinland-Pfalz
03668;Nürnberg;Bayern
03987;Potsdam;Brandenburg
04271;Rostock-Warnemünde;Mecklenburg-Vorpommern
04336;Saarbrücken-Ensheim;Saarland
04393;Sankt Peter-Ording;Schleswig-Holstein
04466;Schleswig;Schleswig-Holstein
04642;Seehausen;Sachsen-Anhalt
04887;Stötten;Baden-Württemberg
04928;Stuttgart (Schnarrenberg);Baden-Württemberg
05100;Trier-Petrisberg;Rheinland-Pfalz
05142;Ueckermünde;Mecklenburg-Vorpommern
05397;Weiden;Bayern
05404;Weihenstephan-Dürnast;Bayern
05426;Weinbiet;Rheinland-Pfalz
05480;Werl;Nordrhein-Westfalen
05705;Würzburg;Bayern
05779;Zinnwald-Georgenfeld;Sachsen
05792;Zugspitze;Bayern
05856;Fürstenzell;Bayern
05906;Mannheim;Baden-Württemberg
06105;Ostenfeld (Rendsburg);Schleswig-Holstein
06163;Dörnick;Schleswig-Holstein
06197;Lügde-Paenbruch;Nordrhein-Westfalen
07370;Waldmünchen;Bayern
15000;Aachen-Orsbach;Nordrhein-Westfalen
15444;Ulm-Mähringen;Baden-Württemberg
